step,loss_step,epoch,val_loss,loss_epoch
49,0.20110215914883156,0,,
99,0.1877463341848953,0,,
149,0.17562014511769222,0,,
199,0.18682643222216988,0,,
249,0.17195032878184216,0,,
299,0.169502475995873,0,,
322,,0,0.16878495464742227,
322,,0,,0.1900461335433312
349,0.16606615953907697,1,,
399,0.17693195889931226,1,,
449,0.16396227395958993,1,,
499,0.156490326948219,1,,
549,0.16655006971644878,1,,
599,0.16139010422664846,1,,
645,,1,0.15745515697425086,
645,,1,,0.16552608906854674
649,0.16339555270966835,2,,
699,0.1593964161249346,2,,
749,0.14494236293042048,2,,
799,0.16012373078382955,2,,
849,0.15183186307940053,2,,
899,0.15453620410392924,2,,
949,0.15708908327491775,2,,
968,,2,0.15012264389710306,
968,,2,,0.15584122806997325
999,0.15270782547859577,3,,
1049,0.1389956161053476,3,,
1099,0.15500221085967622,3,,
1149,0.14453631508861992,3,,
1199,0.14825407975181468,3,,
1249,0.14460963386947392,3,,
1291,,3,0.14612782157214532,
1291,,3,,0.1499211902657569
1299,0.15297479048809412,4,,
1349,0.14739587221203956,4,,
1399,0.14539986598250543,4,,
1449,0.14084082103192624,4,,
1499,0.14403465024537354,4,,
1549,0.15336346678451365,4,,
1599,0.15322880715208162,4,,
1614,,4,0.1426548331538802,
1614,,4,,0.14608915246974027
1649,0.14738256791384033,5,,
1699,0.12866291219039913,5,,
1749,0.13586041122667641,5,,
1799,0.1384601443614836,5,,
1849,0.1348565021984057,5,,
1899,0.14750712310527722,5,,
1937,,5,0.14058520015724046,
1937,,5,,0.14346956980803163
1949,0.1261454593624494,6,,
1999,0.14694249881185012,6,,
2049,0.13218430998133987,6,,
2099,0.1360080393662031,6,,
2149,0.14536528040624888,6,,
2199,0.14803473277370255,6,,
2249,0.14007339196368443,6,,
2260,,6,0.13922694395936533,
2260,,6,,0.14115942536428713
2299,0.13671756975791835,7,,
2349,0.13962469952842818,7,,
2399,0.13911967396205366,7,,
2449,0.13882946917057343,7,,
2499,0.13709807873829208,7,,
2549,0.1414087930734706,7,,
2583,,7,0.13750017489526947,
2583,,7,,0.13934643756139123
2599,0.13995490483005646,8,,
2649,0.1475627468834896,8,,
2699,0.1380547083182822,8,,
2749,0.13398406079733544,8,,
2799,0.1407919285573437,8,,
2849,0.13998320498710726,8,,
2899,0.14133210093031323,8,,
2906,,8,0.13668604039154827,
2906,,8,,0.1378749951782521
2949,0.1223271772397412,9,,
2999,0.13195438385268626,9,,
3049,0.1244798647674159,9,,
3099,0.13836688160881028,9,,
3149,0.1326409110312401,9,,
3199,0.14165645950673816,9,,
3229,,9,0.13584388918030374,
3229,,9,,0.1365440808184228
3249,0.13846654143999731,10,,
3299,0.13703595944945215,10,,
3349,0.14231717270232103,10,,
3399,0.13825004561632032,10,,
3449,0.12823134828806637,10,,
3499,0.13943639414936054,10,,
3549,0.14435303546122685,10,,
3552,,10,0.134610535224801,
3552,,10,,0.13524395365540123
3599,0.14048612298617186,11,,
3649,0.13509572755019228,11,,
3699,0.12843933240931368,11,,
3749,0.1288957366799357,11,,
3799,0.12558955562848834,11,,
3849,0.13259218457403568,11,,
3875,,11,0.13458665789583263,
3875,,11,,0.13400828171582735
3899,0.12828366093112453,12,,
3949,0.13889001398300965,12,,
3999,0.1438344367095212,12,,
4049,0.13621929992052895,12,,
4099,0.1332842696636913,12,,
4149,0.1324731427218884,12,,
4198,,12,0.13339793692870366,
4198,,12,,0.13306288582885542
4199,0.12952759929284535,13,,
4249,0.12378558555169838,13,,
4299,0.13029637497167687,13,,
4349,0.13134573389419893,13,,
4399,0.13302186698323273,13,,
4449,0.1373559658933111,13,,
4499,0.12807567256213373,13,,
4521,,13,0.13239293464836763,
4521,,13,,0.13207362288831176
4549,0.12595142846593177,14,,
4599,0.12430449046702374,14,,
4649,0.13280125699150114,14,,
4699,0.1266512573777348,14,,
4749,0.13699229890776543,14,,
4799,0.12608966824335097,14,,
4844,,14,0.13222309578720623,
4844,,14,,0.1313272986441412
4849,0.12242542466663596,15,,
4899,0.1319066253871885,15,,
4949,0.132588103211836,15,,
4999,0.1227745251989669,15,,
5049,0.1303481473641938,15,,
5099,0.13883852334800573,15,,
5149,0.13250014344684816,15,,
5167,,15,0.1315300558870712,
5167,,15,,0.1304012960526407
5199,0.12958019625784586,16,,
5249,0.1316117977242591,16,,
5299,0.12707393412852744,16,,
5349,0.12969439441791514,16,,
5399,0.1356004479096369,16,,
5449,0.1323405081023504,16,,
5490,,16,0.13127411425004323,
5490,,16,,0.12975429453732515
5499,0.11773486616673799,17,,
5549,0.1375801873468841,17,,
5599,0.119514214121623,17,,
5649,0.1311817382186142,17,,
5699,0.13526855835876253,17,,
5749,0.12698555197505396,17,,
5799,0.12560555533163667,17,,
5813,,17,0.13076357497535107,
5813,,17,,0.12905423432264398
5849,0.11942773818790486,18,,
5899,0.12442268772336144,18,,
5949,0.14202763210035163,18,,
5999,0.1384011379020706,18,,
6049,0.13201084248814743,18,,
6099,0.12424648509573166,18,,
6136,,18,0.1308383020291299,
6136,,18,,0.12846311866218255
6149,0.1309411482707131,19,,
6199,0.12221994955716885,19,,
6249,0.11700284238909336,19,,
6299,0.1337440351102349,19,,
6349,0.1390564494825548,19,,
6399,0.13130611829701336,19,,
6449,0.13125937841175433,19,,
6459,,19,0.12973640903024822,
6459,,19,,0.12786515206693955
6499,0.12553178035600648,20,,
6549,0.13920116311025812,20,,
6599,0.12989832269597518,20,,
6649,0.11697257648769233,20,,
6699,0.12448456471166744,20,,
6749,0.12361379870061914,20,,
6782,,20,0.12985308432438447,
6782,,20,,0.12705461670180496
6799,0.11344801423693969,21,,
6849,0.13080196369268682,21,,
6899,0.12060730657618851,21,,
6949,0.12069347648938292,21,,
6999,0.12481463948787495,21,,
7049,0.13794966688642699,21,,
7099,0.12737098519353918,21,,
7105,,21,0.13054633897418003,
7105,,21,,0.12655342257100555
7149,0.13108463051767705,22,,
7199,0.1339867196827644,22,,
7249,0.12412292568348393,22,,
7299,0.1324625222983056,22,,
7349,0.12543603255066854,22,,
7399,0.12763129331829104,22,,
7428,,22,0.1302862432208817,
7428,,22,,0.12606499934372506
7449,0.12714846946019825,23,,
7499,0.13041235018157774,23,,
7549,0.11711249514818384,23,,
7599,0.12990858583626425,23,,
7649,0.1301902827318111,23,,
7699,0.12355610200495204,23,,
7749,0.1288508165988691,23,,
7751,,23,0.12907666264710396,
7751,,23,,0.1254669532146593
7799,0.13182403273124185,24,,
7849,0.13689703035770034,24,,
7899,0.13089456168688152,24,,
7949,0.125538966349985,24,,
7999,0.11436291276184463,24,,
8049,0.13010423564194468,24,,
8074,,24,0.1294640074163814,
8074,,24,,0.12493131219201284
8099,0.12225159268612874,25,,
8149,0.11003068156611359,25,,
8199,0.1281109552669945,25,,
8249,0.12287072899536647,25,,
8299,0.11156625702456156,25,,
8349,0.13326115561720953,25,,
8397,,25,0.12905995872432338,
8397,,25,,0.12445056880608779
8399,0.12090082637185921,26,,
8449,0.11542012183143585,26,,
8499,0.13004959949501127,26,,
8549,0.12139864433740759,26,,
8599,0.12313909182861543,26,,
8649,0.11992372282897738,26,,
8699,0.11720604229195025,26,,
8720,,26,0.1289581394825627,
8720,,26,,0.1242458922131686
8749,0.11693996065421898,27,,
8799,0.1218756479346296,27,,
8849,0.1199763073563273,27,,
8899,0.12673131013765482,27,,
8949,0.11482633438885005,27,,
8999,0.1164001927328524,27,,
9043,,27,0.12797287243995503,
9043,,27,,0.12357155586190186
9049,0.12701304048672094,28,,
9099,0.12393436419809377,28,,
9149,0.12933943832963882,28,,
9199,0.12119140192852201,28,,
9249,0.1281004937243267,28,,
9299,0.12867632272459195,28,,
9349,0.1228642009823323,28,,
9366,,28,0.12797962680750447,
9366,,28,,0.12327796616238658
9399,0.1336015155368821,29,,
9449,0.1298119949067877,29,,
9499,0.11878974656398782,29,,
9549,0.1180518972277273,29,,
9599,0.13074920151060093,29,,
9649,0.1201236725665821,29,,
9689,,29,0.12811434129140065,
9689,,29,,0.12299411021258642
9699,0.12308868242326168,30,,
9749,0.12192667347771897,30,,
9799,0.12923399140140535,30,,
9849,0.11502013501845389,30,,
9899,0.12171067132628163,30,,
9949,0.11838503366898477,30,,
9999,0.12294675094258413,30,,
10012,,30,0.12742921981996813,
10012,,30,,0.12256049598387711
10049,0.12221599609267987,31,,
10099,0.12739891325234085,31,,
10149,0.12271111507096852,31,,
10199,0.1326891896113934,31,,
10249,0.12460175806960627,31,,
10299,0.11845125184316514,31,,
10335,,31,0.12808123029338003,
10335,,31,,0.12197658725891426
10349,0.1245947919961957,32,,
10399,0.12477637229254629,32,,
10449,0.10818238843652464,32,,
10499,0.11888156538661501,32,,
10549,0.12489011750173522,32,,
10599,0.12351647112436259,32,,
10649,0.12583982135123442,32,,
10658,,32,0.12846376457895625,
10658,,32,,0.12158710502006574
10699,0.1254609374575639,33,,
10749,0.12186977364619345,33,,
10799,0.12388860728358232,33,,
10849,0.12373222965587136,33,,
10899,0.11651891653908666,33,,
10949,0.12201081980343136,33,,
10981,,33,0.13032012330935713,
10981,,33,,0.12140891664221215
10999,0.12115684872593457,34,,
11049,0.1216441078274602,34,,
11099,0.12285597732275076,34,,
11149,0.12400054121635776,34,,
11199,0.12576214970672042,34,,
11249,0.12537455673798847,34,,
11299,0.12554241827028031,34,,
11304,,34,0.1274725646349628,
11304,,34,,0.12098052976376995
11349,0.11825072972270281,35,,
11399,0.1265402971225573,35,,
11449,0.11791853373350698,35,,
11499,0.12115891857682858,35,,
11549,0.11736184401011944,35,,
11599,0.12309086711245346,35,,
11627,,35,0.12850319483304257,
11627,,35,,0.12098759110222018
11649,0.13137861992947295,36,,
11699,0.11255469073552049,36,,
11749,0.12454538276156087,36,,
11799,0.11939863263541031,36,,
11849,0.12321450923597277,36,,
11899,0.12746666464242304,36,,
11949,0.11738738158929853,36,,
11950,,36,0.1274694654625586,
11950,,36,,0.12040552692596483
11999,0.13370012396540673,37,,
12049,0.1287707950257878,37,,
12099,0.1222370299045818,37,,
12149,0.11313990472000696,37,,
12199,0.1245978229780658,37,,
12249,0.11801318974256346,37,,
12273,,37,0.12787264446984498,
12273,,37,,0.12001886740268779
12299,0.13277922779601933,38,,
12349,0.1156147391982063,38,,
12399,0.11431787359288605,38,,
12449,0.11749662596443176,38,,
12499,0.12727290101425856,38,,
12549,0.11603798424595371,38,,
12596,,38,0.12678316928926076,
12596,,38,,0.11956092917245656
12599,0.12437797486985329,39,,
12649,0.11585037903989492,39,,
12699,0.10559143080805944,39,,
12749,0.11061714581091159,39,,
12799,0.1115152993967941,39,,
12849,0.12232615266244526,39,,
12899,0.1298957078879921,39,,
12919,,39,0.12662484394169948,
12919,,39,,0.11930360856958437
12949,0.12267436990758931,40,,
12999,0.1104923888345642,40,,
13049,0.12342320901165557,40,,
13099,0.11178914533719624,40,,
13149,0.12610113136841786,40,,
13199,0.12571834723719105,40,,
13242,,40,0.12618540476378928,
13242,,40,,0.11910413441077802
13249,0.13144805322695718,41,,
13299,0.11814489989055832,41,,
13349,0.11841536990041926,41,,
13399,0.11695248921374829,41,,
13449,0.12978160762051344,41,,
13499,0.12489231249153777,41,,
13549,0.12808986978789377,41,,
13565,,41,0.1262114325817925,
13565,,41,,0.11862895824266195
13599,0.12498369058401278,42,,
13649,0.12751250426005598,42,,
13699,0.12384507463590694,42,,
13749,0.11869369649479401,42,,
13799,0.1175911249902497,42,,
13849,0.12045877548553931,42,,
13888,,42,0.1274854400771346,
13888,,42,,0.11854851725651643
13899,0.1101248754718341,43,,
13949,0.1194680850209261,43,,
13999,0.12077458706049905,43,,
14049,0.1188459579969504,43,,
14099,0.10933297109836149,43,,
14149,0.11526595723121251,43,,
14199,0.12830529461661305,43,,
14211,,43,0.125781812096632,
14211,,43,,0.11813308106175645
14249,0.11001147853703605,44,,
14299,0.12134307294406246,44,,
14349,0.12706382532977603,44,,
14399,0.11504453424514922,44,,
14449,0.12287512556676902,44,,
14499,0.1173894687467586,44,,
14534,,44,0.12599116975484015,
14534,,44,,0.11778544918045969
14549,0.12482611450209274,45,,
14599,0.12070006380164555,45,,
14649,0.11379662838651845,45,,
14699,0.11745052892089626,45,,
14749,0.11314738186656154,45,,
14799,0.12193367656803544,45,,
14849,0.11370951941743966,45,,
14857,,45,0.12717657092890514,
14857,,45,,0.11752333519744039
14899,0.11542920378381735,46,,
14949,0.11755775871097136,46,,
14999,0.1190208442244377,46,,
15049,0.10584583924611779,46,,
15099,0.1092336721854689,46,,
15149,0.10964199113611495,46,,
15180,,46,0.12597551761489417,
15180,,46,,0.11739511857962627
15199,0.11256701994461088,47,,
15249,0.1192255316264597,47,,
15299,0.11573596304751138,47,,
15349,0.11496797432548189,47,,
15399,0.11636445144821905,47,,
15449,0.11570500479133934,47,,
15499,0.1186780741600647,47,,
15503,,47,0.12599463323274848,
15503,,47,,0.1171064700584694
15549,0.1154795505033061,48,,
15599,0.1184140058286256,48,,
15649,0.09996166426379145,48,,
15699,0.11036932104165366,48,,
15749,0.11171973779401775,48,,
15799,0.11487894431661698,48,,
15826,,48,0.1266575740901256,
15826,,48,,0.11679473032586478
15849,0.12078408623098608,49,,
15899,0.11785845888717558,49,,
15949,0.11634563144485444,49,,
15999,0.11407284710539595,49,,
16049,0.10489167999050415,49,,
16099,0.11226499726854018,49,,
16149,0.11721814680159973,49,,
16149,,49,0.12521539159089676,
16149,,49,,0.116659519002771
16199,0.11114400915960276,50,,
16249,0.11941584975192857,50,,
16299,0.11613137835982688,50,,
16349,0.10890011944905544,50,,
16399,0.11567993150321114,50,,
16449,0.11340258811667991,50,,
16472,,50,0.1252929285976473,
16472,,50,,0.11636845700418483
16499,0.10749205691075714,51,,
16549,0.11415018089369153,51,,
16599,0.11455803325018829,51,,
16649,0.11932948834026634,51,,
16699,0.12117259885257613,51,,
16749,0.12333101582259114,51,,
16795,,51,0.12571709515065127,
16795,,51,,0.11596097846837718
16799,0.11746844836538262,52,,
16849,0.11883923934079273,52,,
16899,0.11949475734076875,52,,
16949,0.10732608764258976,52,,
16999,0.1144372321808155,52,,
17049,0.12077332277476586,52,,
17099,0.10732494128630192,52,,
17118,,52,0.12583153851040335,
17118,,52,,0.11578353513771769
17149,0.12006491299042399,53,,
17199,0.10816182521084983,53,,
17249,0.11270143902833164,53,,
17299,0.12171107742048064,53,,
17349,0.11542208813545057,53,,
17399,0.10859098455814385,53,,
17441,,53,0.12596586157121725,
17441,,53,,0.11547695883068383
17449,0.11517930486264627,54,,
17499,0.12094390663952127,54,,
17549,0.10786315368050681,54,,
17599,0.11528986540850862,54,,
17649,0.1092021544023638,54,,
17699,0.11419821593974037,54,,
17749,0.1227275580829778,54,,
17764,,54,0.1258693691763431,
17764,,54,,0.11517349936566967
17799,0.11526849111227679,55,,
17849,0.11597981995482981,55,,
17899,0.10529240356885386,55,,
17949,0.1114041124298083,55,,
17999,0.11634586129126728,55,,
18049,0.1114642686117613,55,,
18087,,55,0.1260018681470069,
18087,,55,,0.11509839435598987
18099,0.10805222849341371,56,,
18149,0.11523048738242225,56,,
18199,0.12214972741318113,56,,
18249,0.11316502381981289,56,,
18299,0.11345891959606502,56,,
18349,0.11987318310185315,56,,
18399,0.12156330708279853,56,,
18410,,56,0.12581902631449243,
18410,,56,,0.11456770412716308
18449,0.1041387701481076,57,,
18499,0.11941327395346807,57,,
18549,0.11554762612153818,57,,
18599,0.11679197800310843,57,,
18649,0.11529188357328454,57,,
18699,0.12172204795665298,57,,
18733,,57,0.12503434071800837,
18733,,57,,0.11457181702212048
18749,0.1138878554429071,58,,
18799,0.11419626012523558,58,,
18849,0.11458863308168649,58,,
18899,0.1233278430181116,58,,
18949,0.11979904532425657,58,,
18999,0.1056295340676758,58,,
19049,0.11626077701718762,58,,
19056,,58,0.12609011170129364,
19056,,58,,0.1142725089513085
19099,0.11455737299457246,59,,
19149,0.1173355480206526,59,,
19199,0.11586891718157154,59,,
19249,0.10331564764328738,59,,
19299,0.11866656424123324,59,,
19349,0.11101331962966178,59,,
19379,,59,0.12563773787808838,
19379,,59,,0.11413667353806313
19399,0.10449055776484655,60,,
19449,0.11272890983542072,60,,
19499,0.11485176358894437,60,,
19549,0.10545417383535369,60,,
19599,0.12196983428595692,60,,
19649,0.10838129838354306,60,,
19699,0.12412272266867462,60,,
19702,,60,0.1260157097520637,
19702,,60,,0.11383890844773976
19749,0.109037719959706,61,,
19799,0.11243919286104612,61,,
19849,0.11214061034068631,61,,
19899,0.1208091767957932,61,,
19949,0.11100326090334196,61,,
19999,0.10722190660303417,61,,
20025,,61,0.12669790913328155,
20025,,61,,0.11358761959669902
20049,0.1119504806008605,62,,
20099,0.10298874484896609,62,,
20149,0.11399275000751366,62,,
20199,0.11436337708474105,62,,
20249,0.12221032433617754,62,,
20299,0.12226159117169663,62,,
20348,,62,0.1249346201474719,
20348,,62,,0.11343358200658343
20349,0.11088117747180054,63,,
20399,0.11098992417870664,63,,
20449,0.12219057379662139,63,,
20499,0.11314561880473828,63,,
20549,0.11747848022751468,63,,
20599,0.11382164956588145,63,,
20649,0.12821763144945214,63,,
20671,,63,0.12499337646060892,
20671,,63,,0.11321279353458061
20699,0.10616973156029033,64,,
20749,0.12522858022193953,64,,
20799,0.10106601585097108,64,,
20849,0.12247760371792044,64,,
20899,0.10560958540401391,64,,
20949,0.10373646081775713,64,,
20994,,64,0.12642446199791657,
20994,,64,,0.11291721631424707
20999,0.116967762790882,65,,
21049,0.1211278145644352,65,,
21099,0.1178972587186673,65,,
21149,0.12279714129105576,65,,
21199,0.09870393166122748,65,,
21249,0.10534817370232837,65,,
21299,0.1114606022502404,65,,
21317,,65,0.12585444032318457,
21317,,65,,0.1127683107214352
21349,0.10773380004472713,66,,
21399,0.11802668181285478,66,,
21449,0.11587749066476746,66,,
21499,0.12102814350163917,66,,
21549,0.10730525450732055,66,,
21599,0.10236464336925692,66,,
21640,,66,0.12595209138838354,
21640,,66,,0.1125491541530871
21649,0.10953195071526588,67,,
21699,0.11576324472441893,67,,
21749,0.1116761584844357,67,,
21799,0.10239789241837663,67,,
21849,0.10412529042805478,67,,
21899,0.11792977411595348,67,,
21949,0.12125651145852427,67,,
21963,,67,0.1254081002871942,
21963,,67,,0.11231527470369898
21999,0.12186844897279314,68,,
22049,0.1129529513340566,68,,
22099,0.10676644152822413,68,,
22149,0.11225169025573913,68,,
22199,0.1082161959764001,68,,
22249,0.11398823157448884,68,,
22286,,68,0.12478667676711064,
22286,,68,,0.11204591560909168
22299,0.11395554541263402,69,,
22349,0.11844272421367119,69,,
22399,0.11304303190339109,69,,
22449,0.1149678486181506,69,,
22499,0.10095993165474532,69,,
22549,0.11410431319381871,69,,
22599,0.11515543725535307,69,,
22609,,69,0.1252912362036297,
22609,,69,,0.11177972899688284
22649,0.11519962916927702,70,,
22699,0.112528387646693,70,,
22749,0.11265001849371252,70,,
22799,0.103834623433437,70,,
22849,0.10489022432467562,70,,
22899,0.1166861699887465,70,,
22932,,70,0.12530147775843004,
22932,,70,,0.11180354761180072
22949,0.11883958042921931,71,,
22999,0.11407707802668539,71,,
23049,0.11866368549433767,71,,
23099,0.12626313135428507,71,,
23149,0.11925103870562791,71,,
23199,0.11711964167933213,71,,
23249,0.10785532126772285,71,,
23255,,71,0.12493642743342498,
23255,,71,,0.11160369983838864
23299,0.1000482850305035,72,,
23349,0.1071119797676268,72,,
23399,0.11771680188199418,72,,
23449,0.11634832156542273,72,,
23499,0.10560394988731933,72,,
23549,0.1020408484163738,72,,
23578,,72,0.12567661715331283,
23578,,72,,0.11172378345546363
23599,0.10889791655611877,73,,
23649,0.12193890157032077,73,,
23699,0.11074942862010007,73,,
23749,0.11250351110319358,73,,
23799,0.09913102787227471,73,,
23849,0.11650136362817218,73,,
23899,0.11937647305622749,73,,
23901,,73,0.12495523131516752,
23901,,73,,0.11097821725643732
23949,0.1046353422329294,74,,
23999,0.1056785772410382,74,,
24049,0.09388970042817822,74,,
24099,0.10746245532129338,74,,
24149,0.11574431610903947,74,,
24199,0.1135828419830045,74,,
24224,,74,0.12756039675482284,
24224,,74,,0.11095315692894708
24249,0.10746328791252699,75,,
24299,0.10485897167017949,75,,
24349,0.11366454693893344,75,,
24399,0.11076499133208388,75,,
24449,0.10773165545295028,75,,
24499,0.1154725439636494,75,,
24547,,75,0.124729484472654,
24547,,75,,0.11067205685639941
24549,0.11193320303602904,76,,
24599,0.11442648062541774,76,,
24649,0.10790053615152177,76,,
24699,0.11200249471089445,76,,
24749,0.11659313810683287,76,,
24799,0.12552880659358295,76,,
24849,0.1074690579728169,76,,
24870,,76,0.1259646692011897,
24870,,76,,0.11039497958784891
24899,0.11121072986968938,77,,
24949,0.11876052677870902,77,,
24999,0.11137930891192825,77,,
25049,0.10484137342271238,77,,
25099,0.11029394233434467,77,,
25149,0.11134918797956657,77,,
25193,,77,0.12494149614755087,
25193,,77,,0.11042272637498245
25199,0.10467985763953427,78,,
25249,0.11678125232467217,78,,
25299,0.1133548846637985,78,,
25349,0.10596983205450787,78,,
25399,0.10849234614540226,78,,
25449,0.10452598467067492,78,,
25499,0.1092695234960256,78,,
25516,,78,0.12468759048829944,
25516,,78,,0.11027249319371622
25549,0.10899390866650062,79,,
25599,0.1099543971175407,79,,
25649,0.11288944060462845,79,,
25699,0.12109933331299239,79,,
25749,0.11315609329112665,79,,
25799,0.11119730336828734,79,,
25839,,79,0.12639567010964894,
25839,,79,,0.1099042819412865
25849,0.0958045888395068,80,,
25899,0.10999365033941864,80,,
25949,0.10595545126830859,80,,
25999,0.1107977795837345,80,,
26049,0.11134552450872887,80,,
26099,0.11453767744648849,80,,
26149,0.11001843654592369,80,,
26162,,80,0.1254378560127166,
26162,,80,,0.10984717897790602
26199,0.11121571908975857,81,,
26249,0.0987022503993541,81,,
26299,0.10812880145580057,81,,
26349,0.11181287267384477,81,,
26399,0.11128366274638203,81,,
26449,0.11685462549286245,81,,
26485,,81,0.12529354367754403,
26485,,81,,0.1099452373674039
26499,0.10398280033072509,82,,
26549,0.10870642358574617,82,,
26599,0.10979378169347627,82,,
26649,0.10223527850269946,82,,
26699,0.10769428678708605,82,,
26749,0.09357112679415913,82,,
26799,0.10032464116728594,82,,
26808,,82,0.12454115143116559,
26808,,82,,0.10932538607372408
26849,0.09868810161090426,83,,
26899,0.10712858838613278,83,,
26949,0.1143050642865978,83,,
26999,0.10908019585318879,83,,
27049,0.1104226108970311,83,,
27099,0.11540181233058353,83,,
27131,,83,0.12503733333721936,
27131,,83,,0.10920493115838247
27149,0.10854454961448694,84,,
27199,0.1160224069049158,84,,
27249,0.12888396835734964,84,,
27299,0.12577335592781447,84,,
27349,0.1131943315112049,84,,
27399,0.1048492421400262,84,,
27449,0.11202417596158125,84,,
27454,,84,0.12581515767454593,
27454,,84,,0.10926193375811055
27499,0.1086813246202153,85,,
27549,0.1058361906158718,85,,
27599,0.1047966094854611,85,,
27649,0.11173151635057256,85,,
27699,0.10199407797197331,85,,
27749,0.11304938242254116,85,,
27777,,85,0.12491308425417821,
27777,,85,,0.10881343693045459
27799,0.11043598614303658,86,,
27849,0.10923312005438313,86,,
27899,0.10005262152727165,86,,
27949,0.10637448946378016,86,,
27999,0.10420772529305736,86,,
28049,0.11076256941009865,86,,
28099,0.10797472408736043,86,,
28100,,86,0.12520390563762834,
28100,,86,,0.10878346827675243
28149,0.10147651208283381,87,,
28199,0.11974543232694669,87,,
28249,0.11266567589494159,87,,
28299,0.11394931068175529,87,,
28349,0.1123699277605853,87,,
28399,0.11179025250017746,87,,
28423,,87,0.12476165599617745,
28423,,87,,0.10862296015954519
28449,0.11298413204157176,88,,
28499,0.11757843567479348,88,,
28549,0.10737768643422874,88,,
28599,0.10846772041398095,88,,
28649,0.1104894688577759,88,,
28699,0.11504518772961034,88,,
28746,,88,0.12499399630563277,
28746,,88,,0.10861073923914076
28749,0.10154442126036829,89,,
28799,0.11447853276479329,89,,
28849,0.10510437321002149,89,,
28899,0.10027720865832968,89,,
28949,0.10845319543297809,89,,
28999,0.09788178201882113,89,,
29049,0.10839825555260563,89,,
29069,,89,0.12519515008089593,
29069,,89,,0.10812107763676156
29099,0.10946799668727937,90,,
29149,0.10954136402248998,90,,
29199,0.09060556668256999,90,,
29249,0.10919378342389809,90,,
29299,0.11403869013853771,90,,
29349,0.10575222829172409,90,,
29392,,90,0.1262231944397951,
29392,,90,,0.10807860772257644
29399,0.10341250543553528,91,,
29449,0.12563458046700218,91,,
29499,0.10246058983160643,91,,
29549,0.10992683079557522,91,,
29599,0.10098852887310522,91,,
29649,0.10806163124032064,91,,
29699,0.10667190281491613,91,,
29715,,91,0.1255048926210434,
29715,,91,,0.1079376353134715
29749,0.10338859866882143,92,,
29799,0.1103844955344997,92,,
29849,0.11496098937924307,92,,
29899,0.1058561126100041,92,,
29949,0.10636556139540235,92,,
29999,0.10478845815089809,92,,
30038,,92,0.12545739081704685,
30038,,92,,0.1079570701077992
30049,0.12404371375591901,93,,
30099,0.10876285702751258,93,,
30149,0.11474131948721167,93,,
30199,0.10492695204374569,93,,
30249,0.11208763102012693,93,,
30299,0.10849956281968004,93,,
30349,0.10261750495834532,93,,
30361,,93,0.12523024085451773,
30361,,93,,0.10782328736999736
30399,0.10027368154013411,94,,
30449,0.11667828741253494,94,,
30499,0.10632614823037036,94,,
30549,0.12234599709067706,94,,
30599,0.09364408833122506,94,,
30649,0.09421898415862308,94,,
30684,,94,0.12418150480143647,
30684,,94,,0.10569944297008142
30699,0.11879768409871268,95,,
30749,0.10153734037060053,95,,
30799,0.11734339231558988,95,,
30849,0.10241859688580801,95,,
30899,0.10815807343558767,95,,
30949,0.09922702420864339,95,,
30999,0.11374993502337213,95,,
31007,,95,0.12408711341034671,
31007,,95,,0.10578623886222441
31049,0.11594264867853596,96,,
31099,0.10389602317999999,96,,
31149,0.09732233458179307,96,,
31199,0.10195526807693607,96,,
31249,0.11319307219839146,96,,
31299,0.10524780801251633,96,,
31330,,96,0.12424702547475837,
31330,,96,,0.1056131133670678
31349,0.10392353503196308,97,,
31399,0.11288017079528388,97,,
31449,0.1086848146178528,97,,
31499,0.10812786137445217,97,,
31549,0.10646711705903152,97,,
31599,0.09771383251316512,97,,
31649,0.0998219117308076,97,,
31653,,97,0.12412499426329789,
31653,,97,,0.10552677910550178
31699,0.09973604057316936,98,,
31749,0.10814050879841769,98,,
31799,0.12140329349758334,98,,
31849,0.10289455962483941,98,,
31899,0.1062722634315238,98,,
31949,0.0994660274613331,98,,
31976,,98,0.12432094856395662,
31976,,98,,0.10536089379555183
31999,0.0984570132767215,99,,
32049,0.09998579629340854,99,,
32099,0.09846913986419625,99,,
32149,0.10393748379134599,99,,
32199,0.10565845823423439,99,,
32249,0.09910816793546634,99,,
32299,0.10449585213450223,99,,
32299,,99,0.1241028660506375,
32299,,99,,0.10536463680077016
32349,0.09720907168187752,100,,
32399,0.09544874135438483,100,,
32449,0.10373530996726206,100,,
32499,0.10604856580677358,100,,
32549,0.1102331525394165,100,,
32599,0.09321134138134975,100,,
32622,,100,0.12427756539330302,
32622,,100,,0.1054243415719046
32649,0.10929393971361763,101,,
32699,0.10816784329422535,101,,
32749,0.10840496129866646,101,,
32799,0.10043837441383754,101,,
32849,0.09963748344072744,101,,
32899,0.0941463149167093,101,,
32945,,101,0.1242595067205698,
32945,,101,,0.10519914820314993
32949,0.10836427230897497,102,,
32999,0.10247360397263931,102,,
33049,0.1007640335899798,102,,
33099,0.10492880932585812,102,,
33149,0.10784728030549107,102,,
33199,0.10626938869972946,102,,
33249,0.10934026355771147,102,,
33268,,102,0.12436400091917638,
33268,,102,,0.10531726966876284
33299,0.09925186412159728,103,,
33349,0.10714630370958986,103,,
33399,0.09533755550504389,103,,
33449,0.11306006968363391,103,,
33499,0.10270677776246728,103,,
33549,0.10602257382740544,103,,
33591,,103,0.1245319432019174,
33591,,103,,0.1052342542610401
33599,0.10978138852572572,104,,
33649,0.10431476098764998,104,,
33699,0.11224428352722442,104,,
33749,0.11263732089158093,104,,
33799,0.11568750063657275,104,,
33849,0.10586236946134447,104,,
33899,0.10009492306208392,104,,
33914,,104,0.12440421288088953,
33914,,104,,0.10515887956456271
33949,0.10112132007631526,105,,
33999,0.09531274101642473,105,,
34049,0.1141818606923376,105,,
34099,0.10055449916033724,105,,
34149,0.10797125262607388,105,,
34199,0.1091125773562288,105,,
34237,,105,0.1244711017060224,
34237,,105,,0.10503401353437847
34249,0.09455370610809842,106,,
34299,0.10189984194197846,106,,
34349,0.09439429005636528,106,,
34399,0.09243591246670321,106,,
34449,0.1158930402448322,106,,
34499,0.1175552948581292,106,,
34549,0.10350491170561951,106,,
34560,,106,0.1242985994775528,
34560,,106,,0.10508508001195697
34599,0.10233680758032015,107,,
34649,0.11687341075848653,107,,
34699,0.11437761753599648,107,,
34749,0.10565724668979021,107,,
34799,0.10815380290004421,107,,
34849,0.09094396063099444,107,,
34883,,107,0.1241992285015135,
34883,,107,,0.10484219503280526
34899,0.10270709191813705,108,,
34949,0.09918235725362685,108,,
34999,0.10394941463657185,108,,
35049,0.10020649818148504,108,,
35099,0.11511639186193869,108,,
35149,0.09781022249100356,108,,
35199,0.09805682574895612,108,,
35206,,108,0.12419903566703329,
35206,,108,,0.10466301094085131
35249,0.10867772369187485,109,,
35299,0.10661107471240884,109,,
35349,0.10308981859055347,109,,
35399,0.10073401796034102,109,,
35449,0.09701569053078675,109,,
35499,0.09793330962715548,109,,
35529,,109,0.12418947752604617,
35529,,109,,0.10489290834777236
35549,0.10494595665985061,110,,
35599,0.0978980894740491,110,,
35649,0.09983899216083128,110,,
35699,0.10399230898158802,110,,
35749,0.1174946580452073,110,,
35799,0.11091312684745092,110,,
35849,0.09804638294188328,110,,
35852,,110,0.1242564579385681,
35852,,110,,0.10483526952775946
35899,0.10529624622459932,111,,
35949,0.10864167222008848,111,,
35999,0.11205113902279677,111,,
36049,0.10111249118471087,111,,
36099,0.10430492155039811,111,,
36149,0.10212406087960169,111,,
36175,,111,0.12419077523512728,
36175,,111,,0.10486146063262601
36199,0.11107942069485639,112,,
36249,0.11314386119715826,112,,
36299,0.10673041685296991,112,,
36349,0.10353329592490126,112,,
36399,0.1039518664407313,112,,
36449,0.09573057331193424,112,,
36498,,112,0.12419861493648217,
36498,,112,,0.10478436984720531
36499,0.10523313006547952,113,,
36549,0.10172726603238869,113,,
36599,0.09892690901529747,113,,
36649,0.11278827237163101,113,,
36699,0.0994522171092711,113,,
36749,0.09777451716914687,113,,
36799,0.10837426914248993,113,,
36821,,113,0.12418181942514278,
36821,,113,,0.10476323772124405
36849,0.10536963157870878,114,,
36899,0.10567698650741274,114,,
36949,0.11927534957781051,114,,
36999,0.10578716015594525,114,,
37049,0.09862793909841694,114,,
37099,0.11533590085976841,114,,
37144,,114,0.1242047797279311,
37144,,114,,0.10470950498191585
37149,0.1010801680837815,115,,
37199,0.10894616528416262,115,,
37249,0.10285360467587215,115,,
37299,0.10956595679039004,115,,
37349,0.10826509633931708,115,,
37399,0.10133770857655502,115,,
37449,0.11054492782204105,115,,
37467,,115,0.12418775451456732,
37467,,115,,0.10477971177489799
37499,0.10394699624280734,116,,
37549,0.10129374510813612,116,,
37599,0.10605586030313516,116,,
37649,0.1122869725439191,116,,
37699,0.10612815883043905,116,,
37749,0.09717259623102384,116,,
37790,,116,0.12420626689871109,
37790,,116,,0.1048288083279262
37799,0.09470439032164377,117,,
37849,0.10392277494822923,117,,
37899,0.11357688067957496,117,,
37949,0.11054760840073577,117,,
37999,0.11431046530795333,117,,
38049,0.11512967487734325,117,,
38099,0.10229714381905795,117,,
38113,,117,0.12421034694323405,
38113,,117,,0.10485837808997557
38149,0.09900355584574726,118,,
38199,0.10621680313054958,118,,
38249,0.10384991354569023,118,,
38299,0.10215652331467868,118,,
38349,0.10021424133199186,118,,
38399,0.10910657707017052,118,,
38436,,118,0.12420452936495782,
38436,,118,,0.1047380852267292
38449,0.09629196488860561,119,,
38499,0.09976678946230842,119,,
38549,0.10476784876229489,119,,
38599,0.1147507227438187,119,,
38649,0.09827430519024595,119,,
38699,0.10356225817544473,119,,
38749,0.11126710335641153,119,,
38759,,119,0.12420375635760532,
38759,,119,,0.10471547209906054
38799,0.1069472070308994,120,,
38849,0.10569336210163875,120,,
38899,0.0952251844717612,120,,
38949,0.09740308071678216,120,,
38999,0.0994071612079438,120,,
39049,0.10091728910407538,120,,
39082,,120,0.12420429382110906,
39082,,120,,0.10477516654835921
39099,0.11543014121360319,121,,
39149,0.10330370653391603,121,,
39199,0.1051813775611456,121,,
39249,0.11225310566090775,121,,
39299,0.10051177181361139,121,,
39349,0.1110296990925369,121,,
39399,0.09864400681990432,121,,
39405,,121,0.12420274313462645,
39405,,121,,0.10472547787812984
39449,0.10803658774797299,122,,
39499,0.09993841687222828,122,,
39549,0.10594633786130872,122,,
39599,0.11022544459473194,122,,
39649,0.10514952481208484,122,,
39699,0.09781868285907318,122,,
39728,,122,0.12420398928203763,
39728,,122,,0.10473138023979987
39749,0.09611596396142473,123,,
39799,0.09169866927239247,123,,
39849,0.10867587259742738,123,,
39899,0.10753842378475027,123,,
39949,0.10418960033394503,123,,
39999,0.10266432543359837,123,,
40049,0.09976312397004874,123,,
40051,,123,0.12420430753676573,
40051,,123,,0.10474188044534455
40099,0.09236162880737339,124,,
40149,0.09687301268467778,124,,
40199,0.10444757548462039,124,,
40249,0.09349279072396256,124,,
40299,0.10335087126379727,124,,
40349,0.0963894830433491,124,,
40374,,124,0.1242042794252036,
40374,,124,,0.1047129061772693
40399,0.10109238404469609,125,,
40449,0.09216066794138204,125,,
40499,0.10352043928354572,125,,
40549,0.10213165929230447,125,,
40599,0.10540289731748832,125,,
40649,0.10285626680750343,125,,
40697,,125,0.12420510269190783,
40697,,125,,0.10471922132154708
40699,0.1123375441229583,126,,
40749,0.10702975255522681,126,,
40799,0.10808111012074803,126,,
40849,0.11034810938522598,126,,
40899,0.10281501773944271,126,,
40949,0.10856392116729381,126,,
40999,0.10264349209160332,126,,
41020,,126,0.12420529253401154,
41020,,126,,0.1047747833375605
41049,0.10440043532426019,127,,
41099,0.0987422964081751,127,,
41149,0.10710766075963254,127,,
41199,0.11269309903949093,127,,
41249,0.0934475145745346,127,,
41299,0.103608850285588,127,,
41343,,127,0.12420433290176236,
41343,,127,,0.10466270666478332
41349,0.09997856781206388,128,,
41399,0.09886873288108206,128,,
41449,0.09676719315011556,128,,
41499,0.10073441120459677,128,,
41549,0.09768801324867778,128,,
41599,0.10212517405161002,128,,
41649,0.09694886131548776,128,,
41666,,128,0.1242028721840563,
41666,,128,,0.1046852420157023
41699,0.10431400771992987,129,,
41749,0.10120837334467502,129,,
41799,0.09510732057061468,129,,
41849,0.1052675090184361,129,,
41899,0.10888563340201528,129,,
41949,0.10857464143939313,129,,
41989,,129,0.1242029528483763,
41989,,129,,0.10469650355667945
41999,0.0974740727200274,130,,
42049,0.1049606301058739,130,,
42099,0.10478050192107188,130,,
42149,0.11180036992825101,130,,
42199,0.10168313163920462,130,,
42249,0.10450132941406899,130,,
42299,0.10628214629448308,130,,
42312,,130,0.12420296812801733,
42312,,130,,0.10461980938671539
42349,0.11655995328977993,131,,
42399,0.08868107296475713,131,,
42449,0.10939167444687542,131,,
42499,0.10218850893041063,131,,
42549,0.11055346989552613,131,,
42599,0.09667399556888888,131,,
42635,,131,0.12420311925962141,
42635,,131,,0.10466782995201483
42649,0.11438129724120023,132,,
42699,0.10902928888836448,132,,
42749,0.1118610954176823,132,,
42799,0.10329564280460321,132,,
42849,0.10119936909573685,132,,
42899,0.10508929622376552,132,,
42949,0.11195422018257867,132,,
42958,,132,0.12420328369125526,
42958,,132,,0.10492854288131864
42999,0.10839455763243425,133,,
43049,0.10024095456871489,133,,
43099,0.10707823049624572,133,,
43149,0.10390843645140334,133,,
43199,0.10432375203351363,133,,
43249,0.09711246363441364,133,,
43281,,133,0.12420310174421033,
43281,,133,,0.1047910249811052
43299,0.09170510175013441,134,,
43349,0.0965719281009563,134,,
43399,0.1214262917692664,134,,
43449,0.09843731541478522,134,,
43499,0.09085016838945575,134,,
43549,0.1095164373194718,134,,
43599,0.10225674054787237,134,,
43604,,134,0.12420306442867879,
43604,,134,,0.10473892803019613
43649,0.10688312466412121,135,,
43699,0.09886407360426108,135,,
43749,0.1046165556434271,135,,
43799,0.10783606984527842,135,,
43849,0.1092534002026034,135,,
43899,0.1012184812690059,135,,
43927,,135,0.12420306421092288,
43927,,135,,0.10475004537058255
43949,0.10757333201767351,136,,
43999,0.10774735434005009,136,,
44049,0.10716452156031216,136,,
44099,0.10406892929810915,136,,
44149,0.10467858887561621,136,,
44199,0.10087955207498889,136,,
44249,0.10314597854984102,136,,
44250,,136,0.12420310259340238,
44250,,136,,0.10476417883485123
44299,0.10719519789047918,137,,
44349,0.1112141516367161,137,,
44399,0.09313271014728411,137,,
44449,0.1004613321393331,137,,
44499,0.10913622351900988,137,,
44549,0.10319703379628233,137,,
44573,,137,0.12420316648210508,
44573,,137,,0.10467733635353278
44599,0.09946799024821137,138,,
44649,0.11242400902400836,138,,
44699,0.09724968777201877,138,,
44749,0.10313539488340649,138,,
44799,0.10229264606552978,138,,
44849,0.09924709700290121,138,,
44896,,138,0.12420314293703744,
44896,,138,,0.10474602679660949
44899,0.1032061843095595,139,,
44949,0.10192853059570055,139,,
44999,0.10418917419760565,139,,
45049,0.09887876015886182,139,,
45099,0.10832358324723512,139,,
45149,0.10130998924672471,139,,
45199,0.10013606537563222,139,,
45219,,139,0.12420296655621288,
45219,,139,,0.1047696191030331
45249,0.1059824099228187,140,,
45299,0.0935583526872305,140,,
45349,0.10144683836878965,140,,
45399,0.11123700057283391,140,,
45449,0.10692865156382517,140,,
45499,0.09560243907675726,140,,
45542,,140,0.1242029699721524,
45542,,140,,0.10474175218675996
45549,0.1093980781431704,141,,
45599,0.1101397115017211,141,,
45649,0.10416271123832535,141,,
45699,0.10324582842578119,141,,
45749,0.10527329465420568,141,,
45799,0.09720866234386065,141,,
45849,0.1023485092235498,141,,
45865,,141,0.12420297459097403,
45865,,141,,0.10451754460720687
45899,0.10492511046977387,142,,
45949,0.10101474242248588,142,,
45999,0.10644500219880705,142,,
46049,0.11225530311437462,142,,
46099,0.11107313567902581,142,,
46149,0.11339198143434696,142,,
46188,,142,0.12420295943849027,
46188,,142,,0.10478156543799193
46199,0.09822609721882106,143,,
46249,0.10133599499782385,143,,
46299,0.10425274998699836,143,,
46349,0.09718304871204268,143,,
46399,0.10571038110687508,143,,
46449,0.11755942629271098,143,,
46499,0.10917931490198968,143,,
46511,,143,0.12420296572329412,
46511,,143,,0.10477637155921303
46549,0.10396153595909473,144,,
46599,0.11437778392669583,144,,
46649,0.10733779393125147,144,,
46699,0.09588254431505493,144,,
46749,0.10727699729635923,144,,
46799,0.1007685379280799,144,,
46834,,144,0.1242029781719047,
46834,,144,,0.10473716319019062
46849,0.09804121147083768,145,,
46899,0.1107379545073465,145,,
46949,0.10086373536028424,145,,
46999,0.10193430734662444,145,,
47049,0.10566555960365964,145,,
47099,0.1087541981358485,145,,
47149,0.11333721580978817,145,,
47157,,145,0.1242029680089933,
47157,,145,,0.1047899290035224
47199,0.0961432355869011,146,,
47249,0.0995902460260943,146,,
47299,0.1102313133721205,146,,
47349,0.10370195440819774,146,,
47399,0.0940045953117349,146,,
47449,0.10527597533057134,146,,
47480,,146,0.1242029767591165,
47480,,146,,0.1045402335502722
47499,0.09917961081478305,147,,
47549,0.10217008574611072,147,,
47599,0.10000936246275588,147,,
47649,0.1022780216142345,147,,
47699,0.10628519928484993,147,,
47749,0.11392633298205712,147,,
47799,0.1106162340115147,147,,
47803,,147,0.12420298087771084,
47803,,147,,0.10475065038655129
47849,0.09997295361593969,148,,
47899,0.09531049176256814,148,,
47949,0.1037475038433379,148,,
47999,0.11119122272665574,148,,
48049,0.10465183687714862,148,,
48099,0.09945828875920863,148,,
48126,,148,0.12420299213814325,
48126,,148,,0.10471328637188143
48149,0.09669200360469322,149,,
48199,0.0998400760885231,149,,
48249,0.10566456338296953,149,,
48299,0.09702515433400179,149,,
48349,0.10391501492927495,149,,
48399,0.11011050165119375,149,,
48449,0.10872202268086466,149,,
48449,,149,0.12420299172157433,
48449,,149,,0.10477227289554338
